source_commit	original_path	archive_path	operation	sha256	bytes	reason
bcca4826f4a8b9c53377c969c93e0563a9f11782	src/shared/improvements.ts	Old/retired-sources/manual-improvements-bcca4826/src/shared/improvements.ts.txt	move	f32ba8d6474d45c32d4b5569e1245a2a218931de95b0795b1991b88847fd3421	6606	Retired manual recipe comparison/model candidate evaluation; existing user data preserved
bcca4826f4a8b9c53377c969c93e0563a9f11782	src/shared/improvements.test.ts	Old/retired-sources/manual-improvements-bcca4826/src/shared/improvements.test.ts.txt	move	7d91718880902fd0386f0ecddc7949a64d4861bc9e65a361d7fd276828e8cf84	2630	Retired manual recipe comparison/model candidate evaluation; existing user data preserved
bcca4826f4a8b9c53377c969c93e0563a9f11782	src/renderer/components/Improvements.tsx	Old/retired-sources/manual-improvements-bcca4826/src/renderer/components/Improvements.tsx.txt	move	94a75e9cdef32182db54f1aea35685046cb60e94e35f9cff40747c59ec9d0c64	14891	Retired manual recipe comparison/model candidate evaluation; existing user data preserved
bcca4826f4a8b9c53377c969c93e0563a9f11782	src/renderer/components/Improvements.test.tsx	Old/retired-sources/manual-improvements-bcca4826/src/renderer/components/Improvements.test.tsx.txt	move	0e8602d9232d55cc02dcbfd8d76fe5499f99d6553d6f15dc4c77a75ce734c276	3298	Retired manual recipe comparison/model candidate evaluation; existing user data preserved
bcca4826f4a8b9c53377c969c93e0563a9f11782	src/renderer/components/Improvements.module.css	Old/retired-sources/manual-improvements-bcca4826/src/renderer/components/Improvements.module.css.txt	move	4a7ab6f4f8301651ead32dd2d35ab516c50a72bd9a4bf27175ce2b3f5863aa10	688	Retired manual recipe comparison/model candidate evaluation; existing user data preserved
bcca4826f4a8b9c53377c969c93e0563a9f11782	src/renderer/components/ImprovementEvaluation.tsx	Old/retired-sources/manual-improvements-bcca4826/src/renderer/components/ImprovementEvaluation.tsx.txt	move	440caf0cca4ac89c9c6752e2e04a0995c0d39e75a565cfb6dd9af2734564400d	3846	Retired manual recipe comparison/model candidate evaluation; existing user data preserved
bcca4826f4a8b9c53377c969c93e0563a9f11782	src/renderer/components/ImprovementBaseline.tsx	Old/retired-sources/manual-improvements-bcca4826/src/renderer/components/ImprovementBaseline.tsx.txt	move	16302e8254b7269d1ab3d177bdcdfa797ca0691848cecfbce92586085bf86366	3398	Retired manual recipe comparison/model candidate evaluation; existing user data preserved
bcca4826f4a8b9c53377c969c93e0563a9f11782	src/renderer/components/ModelCandidates.tsx	Old/retired-sources/manual-improvements-bcca4826/src/renderer/components/ModelCandidates.tsx.txt	move	a8c58aa5a898f9a658831d9b8e2ea4c07ea9ec79b0d7ee3708de604a92fd4a03	7204	Retired manual recipe comparison/model candidate evaluation; existing user data preserved
bcca4826f4a8b9c53377c969c93e0563a9f11782	src/main/session/improvements.ts	Old/retired-sources/manual-improvements-bcca4826/src/main/session/improvements.ts.txt	move	5e24a58219335c1c41870479a0f884cab133c85369a6f5224f06edd27eac0d12	12222	Retired manual recipe comparison/model candidate evaluation; existing user data preserved
bcca4826f4a8b9c53377c969c93e0563a9f11782	src/main/session/improvements.test.ts	Old/retired-sources/manual-improvements-bcca4826/src/main/session/improvements.test.ts.txt	move	f4b1583e23a380af106d34fcc0349ca7106159218b1259a83d3eee76aedbf1c6	10106	Retired manual recipe comparison/model candidate evaluation; existing user data preserved
bcca4826f4a8b9c53377c969c93e0563a9f11782	src/main/session/improvements-official.test.ts	Old/retired-sources/manual-improvements-bcca4826/src/main/session/improvements-official.test.ts.txt	move	3399436e0681f0e2495f323c0d6c182163deb4a7a6eddb32152c9e6967093133	5828	Retired manual recipe comparison/model candidate evaluation; existing user data preserved
bcca4826f4a8b9c53377c969c93e0563a9f11782	src/main/session/improvements.fixture.ts	Old/retired-sources/manual-improvements-bcca4826/src/main/session/improvements.fixture.ts.txt	move	60c8838d2a7f36d9946f46c28825991044468a122a10294e241231afb45c7048	6009	Retired manual recipe comparison/model candidate evaluation; existing user data preserved
bcca4826f4a8b9c53377c969c93e0563a9f11782	src/main/session/improvement-results.ts	Old/retired-sources/manual-improvements-bcca4826/src/main/session/improvement-results.ts.txt	move	416fd3ae27279b35d4e5f922c9289ad625c04c3f31689ec6892d62bb77fa7453	10423	Retired manual recipe comparison/model candidate evaluation; existing user data preserved
bcca4826f4a8b9c53377c969c93e0563a9f11782	src/main/session/improvement-file.ts	Old/retired-sources/manual-improvements-bcca4826/src/main/session/improvement-file.ts.txt	move	712c6ebb776496f7af0973caea917e9c477e8552e1c8f00c5a0bc12d69ccfe8d	1735	Retired manual recipe comparison/model candidate evaluation; existing user data preserved
bcca4826f4a8b9c53377c969c93e0563a9f11782	src/main/session/improvement-file.test.ts	Old/retired-sources/manual-improvements-bcca4826/src/main/session/improvement-file.test.ts.txt	move	1ea56a8685ee42000261978b76fc3b91d3a1b6822f627b3abd685fd4070d3067	1812	Retired manual recipe comparison/model candidate evaluation; existing user data preserved
bcca4826f4a8b9c53377c969c93e0563a9f11782	src/main/session/improvement-document.ts	Old/retired-sources/manual-improvements-bcca4826/src/main/session/improvement-document.ts.txt	move	c68a4d80831b5cb2be7583bc5edc06435f175ae72f3683a62c195186d5adaaa3	2547	Retired manual recipe comparison/model candidate evaluation; existing user data preserved
bcca4826f4a8b9c53377c969c93e0563a9f11782	src/main/session/improvement-boundaries.test.ts	Old/retired-sources/manual-improvements-bcca4826/src/main/session/improvement-boundaries.test.ts.txt	move	a5e0104981f26c9e6cd8bcf635c789c5b8dcf9bb69faca75a4201663fe180e0d	7157	Retired manual recipe comparison/model candidate evaluation; existing user data preserved
bcca4826f4a8b9c53377c969c93e0563a9f11782	src/main/session/model-candidates.ts	Old/retired-sources/manual-improvements-bcca4826/src/main/session/model-candidates.ts.txt	move	8bd28c5683e04eccc25559e15d6c34ad24d7d2eebf3a18e0297fa82c25e7d125	7813	Retired manual recipe comparison/model candidate evaluation; existing user data preserved
bcca4826f4a8b9c53377c969c93e0563a9f11782	src/main/session/model-candidates.test.ts	Old/retired-sources/manual-improvements-bcca4826/src/main/session/model-candidates.test.ts.txt	move	ec9a16c7ddf948b0fc8b8cfb97efd9f758c54e1987aa463a17c7a99a8054af2a	7544	Retired manual recipe comparison/model candidate evaluation; existing user data preserved
bcca4826f4a8b9c53377c969c93e0563a9f11782	src/main/session/model-candidates.integration.test.ts	Old/retired-sources/manual-improvements-bcca4826/src/main/session/model-candidates.integration.test.ts.txt	move	1705e28d90f38c2964d962336a79be46ed1d1fb2095785d38f3dea3dbd5b6290	7678	Retired manual recipe comparison/model candidate evaluation; existing user data preserved
bcca4826f4a8b9c53377c969c93e0563a9f11782	test/archived/gui/improvements.spec.ts	Old/retired-sources/manual-improvements-bcca4826/test/archived/gui/improvements.spec.ts.txt	move	50265eeb12ab4810a42328d984cd44d10167713dffa206a33fab38ecb8182f48	6455	Retired manual recipe comparison/model candidate evaluation; existing user data preserved
bcca4826f4a8b9c53377c969c93e0563a9f11782	test/archived/gui/model-candidates.spec.ts	Old/retired-sources/manual-improvements-bcca4826/test/archived/gui/model-candidates.spec.ts.txt	move	256e3f6bad8c0addb0f1e4dde18baede6bf9566af1d35010aa78226bf2d12afa	7432	Retired manual recipe comparison/model candidate evaluation; existing user data preserved
bcca4826f4a8b9c53377c969c93e0563a9f11782	src/main/session/controller.ts	Old/retired-sources/manual-improvements-bcca4826/src/main/session/controller.ts.txt	snapshot	0fb53da1680d5c9be749590f281effeb7142abb0a48ca9192d2a500e7d537a5a	76644	Former manual comparison entry; live shared code remains
bcca4826f4a8b9c53377c969c93e0563a9f11782	src/shared/ipc.ts	Old/retired-sources/manual-improvements-bcca4826/src/shared/ipc.ts.txt	snapshot	15fe7a702bd79816021425e9cb6acc7eaa49b66054ba42f3238f00bd420e3880	24300	Former manual comparison entry; live shared code remains
bcca4826f4a8b9c53377c969c93e0563a9f11782	src/renderer/App.tsx	Old/retired-sources/manual-improvements-bcca4826/src/renderer/App.tsx.txt	snapshot	99f12a9c1cfdbdc479bd10ada67e52d568c6ea5d5a01c810f4da4b2e826c5fb7	32611	Former manual comparison entry; live shared code remains
