filename	title	decision	reason
test/gui/automatic-workspace.spec.ts	ordinary native work explores, awaits approval and uses the selected folder	linux-candidate-not-run-environment	read-only確認で明示win32/pwsh/Job/配布exe必須なし。可視Electron launch依存(electron.fixture.ts:45、connection-profileは独自launch)のためXserver/EGLが必要。smoke起動失敗と同じ環境なので未実施、成功/製品不具合を推定しない。native fake直接編集/agent-reported検証なので合成独立test Windowsprocess2件とは別
test/gui/connection-profile.spec.ts	isolated connection profile starts without checking SDK or dispatching legacy	linux-candidate-not-run-environment	read-only確認で明示win32/pwsh/Job/配布exe必須なし。可視Electron launch依存(electron.fixture.ts:45、connection-profileは独自launch)のためXserver/EGLが必要。smoke起動失敗と同じ環境なので未実施、成功/製品不具合を推定しない。--connection-test分離/未設定拒否のみ、SDK確認・モデル通信なし
test/gui/local-browser.spec.ts	real isolated Electron local fixture observes, confirms one DOM click, receipts and stops without model calls	linux-candidate-not-run-environment	read-only確認で明示win32/pwsh/Job/配布exe必須なし。可視Electron launch依存(electron.fixture.ts:45、connection-profileは独自launch)のためXserver/EGLが必要。smoke起動失敗と同じ環境なので未実施、成功/製品不具合を推定しない。別隔離Electron DOM fixtureも要display;汎用OS操作/実モデル通信ではない
test/gui/local-browser.spec.ts	local DOM mutation and reload invalidate confirmation instead of executing stale coordinates	linux-candidate-not-run-environment	read-only確認で明示win32/pwsh/Job/配布exe必須なし。可視Electron launch依存(electron.fixture.ts:45、connection-profileは独自launch)のためXserver/EGLが必要。smoke起動失敗と同じ環境なので未実施、成功/製品不具合を推定しない。別隔離Electron DOM fixtureも要display;汎用OS操作/実モデル通信ではない
test/gui/official-session.spec.ts	ordinary fake questions finish once, persist public evidence and survive reload	linux-candidate-not-run-environment	read-only確認で明示win32/pwsh/Job/配布exe必須なし。可視Electron launch依存(electron.fixture.ts:45、connection-profileは独自launch)のためXserver/EGLが必要。smoke起動失敗と同じ環境なので未実施、成功/製品不具合を推定しない
test/gui/official-workflow.spec.ts	official questions end once without entering a planning loop and survive reload	linux-candidate-not-run-environment	read-only確認で明示win32/pwsh/Job/配布exe必須なし。可視Electron launch依存(electron.fixture.ts:45、connection-profileは独自launch)のためXserver/EGLが必要。smoke起動失敗と同じ環境なので未実施、成功/製品不具合を推定しない
test/gui/official-workflow.spec.ts	official single-task UI approves, cancels, restores checkpoints and cross-reviews both providers	not-run-windows-owned-process	合成single/DAGのacceptance testがworkspace.ts:345→spawnOwnedProcess→owned-process.ts:119 win32必須/pwsh7+Job Objectへ依存。fakeモデルでも実testprocessを使う。DAGはGit detached worktree/serial importsも依存。共通可視Electron起動制約も重なるがWindows専用として数える
test/gui/official-workflow.spec.ts	synthetic DAG UI restores approval and displays serial imports and full integration evidence	not-run-windows-owned-process	合成single/DAGのacceptance testがworkspace.ts:345→spawnOwnedProcess→owned-process.ts:119 win32必須/pwsh7+Job Objectへ依存。fakeモデルでも実testprocessを使う。DAGはGit detached worktree/serial importsも依存。共通可視Electron起動制約も重なるがWindows専用として数える
test/gui/portable.spec.ts	portable executable keeps two fake homes and extraction resources isolated	not-run-packaged-only	portable.spec.ts:27 XHARNESS_TEST_PORTABLE必須、配布Windows exe抽出資源と2home隔離を確認。:150 cleanup taskkill.exeもWindows依存。配布専用2件として数え、Windows依存との重複加算はしない。指定exeなし
test/gui/release-recovery.spec.ts	packaged restart preserves records and a killed process never replays pending work	not-run-packaged-only	release-recovery.spec.ts:12 XHARNESS_TEST_EXECUTABLE必須、配布exe restart/crash fixture、:123 taskkill.exeで隔離mainのみ強制停止。配布専用2件として数え、Windows依存との重複加算はしない。指定exeなし
test/gui/siwc.spec.ts	SIWC account lifecycle uses mock OAuth and real Windows protected isolated storage	not-run-windows-siwc-acl	siwc.spec.ts:6で非win32 skip。mock OAuthだがWindows DPAPI/保護store/ACLの実処理を確認する専用fixture。実通信なしを一般Linux対応と混同しない。ACL検証は今回対象外
test/gui/skills-manager.spec.ts	empty manager handles denial, typing, cancellation, escape and narrow-window focus	linux-candidate-not-run-environment	read-only確認で明示win32/pwsh/Job/配布exe必須なし。可視Electron launch依存(electron.fixture.ts:45、connection-profileは独自launch)のためXserver/EGLが必要。smoke起動失敗と同じ環境なので未実施、成功/製品不具合を推定しない
test/gui/smoke.spec.ts	startup is fake and isolated	linux-candidate-attempted-environment-failure	唯一試行済みcase。標準Electron launchはDISPLAY/Xserver無しでMissing X server/platform initialization failed。環境だけのheadless変種もXdisplay/EGL initialize失敗。2起動試行=1case、GUI assertion未到達。/tmp/xh-nonwin-gui-smoke.json と /tmp/xh-nonwin-gui-headless-smoke.json のunexpected1各。製品assert失敗と断定しない
test/gui/storage-safety.spec.ts	desktop fences same-home headless while another fake home can start	linux-candidate-not-run-environment	read-only確認で明示win32/pwsh/Job/配布exe必須なし。可視Electron launch依存(electron.fixture.ts:45、connection-profileは独自launch)のためXserver/EGLが必要。smoke起動失敗と同じ環境なので未実施、成功/製品不具合を推定しない。同home headless Node起動/別home Electronと未確定exportは共通filesystem/writer処理、Windows専用shellなし
test/gui/storage-safety.spec.ts	shows uncommitted records and refuses execution while preserving report export	linux-candidate-not-run-environment	read-only確認で明示win32/pwsh/Job/配布exe必須なし。可視Electron launch依存(electron.fixture.ts:45、connection-profileは独自launch)のためXserver/EGLが必要。smoke起動失敗と同じ環境なので未実施、成功/製品不具合を推定しない。同home headless Node起動/別home Electronと未確定exportは共通filesystem/writer処理、Windows専用shellなし
test/archived/gui/connections.spec.ts	explicit connection selection, cancellation, unconfigured refusal and fake SDK send	excluded-archived-current-source	旧HTTP/独自tool/UI前提の退避case。playwright.config.ts testDir=test/guiの外。通常15件に含めず実行しない。現在9source filesで12cases、旧退避14の残り2casesはOld inert txtへ別保存
test/archived/gui/evaluation.spec.ts	exports and displays evaluation from an isolated fake UI task	excluded-archived-current-source	旧HTTP/独自tool/UI前提の退避case。playwright.config.ts testDir=test/guiの外。通常15件に含めず実行しない。現在9source filesで12cases、旧退避14の残り2casesはOld inert txtへ別保存
test/archived/gui/handoffs.spec.ts	fake result delivery previews, confirms once and displays untrusted inbox after reload without execution	excluded-archived-current-source	旧HTTP/独自tool/UI前提の退避case。playwright.config.ts testDir=test/guiの外。通常15件に含めず実行しない。現在9source filesで12cases、旧退避14の残り2casesはOld inert txtへ別保存
test/archived/gui/project-history.spec.ts	shows history permission explanation and cited reference data in fake UI/report	excluded-archived-current-source	旧HTTP/独自tool/UI前提の退避case。playwright.config.ts testDir=test/guiの外。通常15件に含めず実行しない。現在9source filesで12cases、旧退避14の残り2casesはOld inert txtへ別保存
test/archived/gui/project-memory.spec.ts	fake proposal is reviewed and edited before retrieval in a new task	excluded-archived-current-source	旧HTTP/独自tool/UI前提の退避case。playwright.config.ts testDir=test/guiの外。通常15件に含めず実行しない。現在9source filesで12cases、旧退避14の残り2casesはOld inert txtへ別保存
test/archived/gui/project-skills.spec.ts	explicit fake skill listing and selection load preserve permissions and appear in evaluation report	excluded-archived-current-source	旧HTTP/独自tool/UI前提の退避case。playwright.config.ts testDir=test/guiの外。通常15件に含めず実行しない。現在9source filesで12cases、旧退避14の残り2casesはOld inert txtへ別保存
test/archived/gui/quota-resume.spec.ts	fake quota UI defaults off and exposes opt-in and cancel	excluded-archived-current-source	旧HTTP/独自tool/UI前提の退避case。playwright.config.ts testDir=test/guiの外。通常15件に含めず実行しない。現在9source filesで12cases、旧退避14の残り2casesはOld inert txtへ別保存
test/archived/gui/skills-manager.spec.ts	renderer reload cancels orphaned manager reads and restores normal task permission waits	excluded-archived-current-source	旧HTTP/独自tool/UI前提の退避case。playwright.config.ts testDir=test/guiの外。通常15件に含めず実行しない。現在9source filesで12cases、旧退避14の残り2casesはOld inert txtへ別保存
test/archived/gui/skills-manager.spec.ts	task suggestions use permitted metadata, cap results and invalidate old choices without automatic loading	excluded-archived-current-source	旧HTTP/独自tool/UI前提の退避case。playwright.config.ts testDir=test/guiの外。通常15件に含めず実行しない。現在9source filesで12cases、旧退避14の残り2casesはOld inert txtへ別保存
test/archived/gui/skills-manager.spec.ts	linked Japanese documents require separate inspection, preview and explicit conversation load	excluded-archived-current-source	旧HTTP/独自tool/UI前提の退避case。playwright.config.ts testDir=test/guiの外。通常15件に含めず実行しない。現在9source filesで12cases、旧退避14の残り2casesはOld inert txtへ別保存
test/archived/gui/skills-manager.spec.ts	manager distinguishes preview from actual load and invalidates selection after updates and deletion	excluded-archived-current-source	旧HTTP/独自tool/UI前提の退避case。playwright.config.ts testDir=test/guiの外。通常15件に含めず実行しない。現在9source filesで12cases、旧退避14の残り2casesはOld inert txtへ別保存
test/archived/gui/smoke.spec.ts	scratch ping pong and panel switching	excluded-archived-current-source	旧HTTP/独自tool/UI前提の退避case。playwright.config.ts testDir=test/guiの外。通常15件に含めず実行しない。現在9source filesで12cases、旧退避14の残り2casesはOld inert txtへ別保存
Old/retired-sources/manual-improvements-bcca4826/test/archived/gui/improvements.spec.ts.txt	fixed fake evaluations require explicit quality and support candidate adoption and persistent restoration	excluded-archived-inert-old	手動改善/モデル候補UI退役に伴う原本アーカイブ。6455 bytes。拡張子.ts.txtでPlaywright/Vitest非実行。現archived12+Oldtxt2=旧退避14の対応で、現在の開発GUI15へ加算しない
Old/retired-sources/manual-improvements-bcca4826/test/archived/gui/model-candidates.spec.ts.txt	fake candidate reasons require explicit selection and preserve defaults after reload	excluded-archived-inert-old	手動改善/モデル候補UI退役に伴う原本アーカイブ。7432 bytes。拡張子.ts.txtでPlaywright/Vitest非実行。現archived12+Oldtxt2=旧退避14の対応で、現在の開発GUI15へ加算しない
test/gui/packaged-entry.spec.ts	production official entry refuses an unavailable fixed CLI and incomplete plan without fallback	excluded-default-testIgnore-packaged-entry	playwright.config.ts:14 defaultdevelopmentの**/packaged-entry.spec.ts testIgnoreでlist15対象外。専用XHARNESS_TEST_EXECUTABLEでisPackaged:trueを要求、missing fixedCLI/不完全planを実通信前拒否。packaged2+1へ分類されるが今回のdevelopment15のpackaged2とは別の未列挙case
