source	destination
docs/approval-denial-investigation-20261006.md	docs/workflow/report/approval-denial-investigation-20261006.md
docs/auth-refresh-progress.md	docs/report/auth-refresh-progress.md
docs/automatic-mode-progress.md	docs/report/automatic-mode-progress.md
docs/catalog-timeout-fix-20261009.md	docs/workflow/report/catalog-timeout-fix-20261009.md
docs/codex-context-overflow.md	docs/workflow/report/codex-context-overflow.md
docs/codex-prerelease-live-20261008.md	docs/workflow/report/codex-prerelease-live-20261008.md
docs/codex-stream-recovery.md	docs/workflow/report/codex-stream-recovery.md
docs/documentation-refresh-20261009.md	docs/report/documentation-refresh-20261009.md
docs/file-link-guidance.md	docs/report/file-link-guidance.md
docs/fix-cycle-fault-injection-20261007.md	docs/workflow/report/fix-cycle-fault-injection-20261007.md
docs/full-regression-20261009.md	docs/report/full-regression-20261009.md
docs/h1-progress.md	docs/report/h1-progress.md
docs/h2-progress.md	docs/report/h2-progress.md
docs/h3-job-investigation.md	docs/report/h3-job-investigation.md
docs/h3-progress.md	docs/report/h3-progress.md
docs/h4-progress.md	docs/report/h4-progress.md
docs/h4-review-progress.md	docs/report/h4-review-progress.md
docs/integrated-release-validation-20261005.md	docs/report/release/integrated-release-validation-20261005.md
docs/local-links-progress.md	docs/report/local-links-progress.md
docs/loopflow-live-20261008.md	docs/workflow/report/loopflow-live-20261008.md
docs/low-review-progress.md	docs/report/low-review-progress.md
docs/m-review-progress.md	docs/report/m-review-progress.md
docs/m1-progress.md	docs/report/m1-progress.md
docs/m2-progress.md	docs/report/m2-progress.md
docs/m3-progress.md	docs/report/m3-progress.md
docs/m4-progress.md	docs/report/m4-progress.md
docs/m5-progress.md	docs/report/m5-progress.md
docs/mcp-progress.md	docs/report/mcp-progress.md
docs/native-workflow-boundary-20261009.md	docs/workflow/report/native-workflow-boundary-20261009.md
docs/official-connections-integration.md	docs/workflow/report/official-connections-integration.md
docs/official-connections-stage4.md	docs/workflow/report/official-connections-stage4.md
docs/official-connections-stage5.md	docs/workflow/report/official-connections-stage5.md
docs/official-connections-ui.md	docs/workflow/report/official-connections-ui.md
docs/official-default-session-20261007.md	docs/workflow/report/official-default-session-20261007.md
docs/official-only-consolidation-20261009.md	docs/report/official-only-consolidation-20261009.md
docs/official-runtime-updates-20261008.md	docs/workflow/report/official-runtime-updates-20261008.md
docs/official-workflow-quota-recheck-20261006.md	docs/report/official-workflow-quota-recheck-20261006.md
docs/release-20261004-integrated.md	docs/report/release/release-20261004-integrated.md
docs/retired-source-archive-20261009.md	docs/report/retired-source-archive-20261009.md
docs/review-limit-progress.md	docs/report/review-limit-progress.md
docs/review-should-progress.md	docs/report/review-should-progress.md
docs/security-session-boundaries-progress.md	docs/sessions/report/security-session-boundaries-progress.md
docs/stabilize-progress.md	docs/report/stabilize-progress.md
docs/workflow-environment-fix-live-20261009.md	docs/workflow/report/workflow-environment-fix-live-20261009.md
